{"cameraMode":{"drawMode":0,"name":"Shaded","section":"Shading Mode"},"sceneLighting":true,"audioPlay":false,"sceneViewState":{"m_AlwaysRefresh":false,"showFog":true,"showSkybox":false,"showFlares":true,"showImageEffects":true,"showParticleSystems":true,"showVisualEffectGraphs":true,"m_FxEnabled":true},"in2DMode":false,"pivot":{"x":0.35051870346069338,"y":2.41085147857666,"z":3.941216468811035},"rotation":{"x":-0.03388913720846176,"y":0.3825944662094116,"z":0.015363364480435849,"w":0.9234849810600281},"size":9.028290748596192,"orthographic":false}