{"cameraMode":{"drawMode":0,"name":"Shaded","section":"Shading Mode"},"sceneLighting":true,"audioPlay":false,"sceneViewState":{"m_AlwaysRefresh":false,"showFog":true,"showSkybox":true,"showFlares":true,"showImageEffects":true,"showParticleSystems":true,"showVisualEffectGraphs":true,"m_FxEnabled":true},"in2DMode":false,"pivot":{"x":-0.9332512617111206,"y":2.6024699211120607,"z":5.212773323059082},"rotation":{"x":0.09594720602035523,"y":0.7310889363288879,"z":-0.10512249916791916,"w":0.6672828793525696},"size":25.336030960083009,"orthographic":false}