{"cameraMode":{"drawMode":0,"name":"Shaded","section":"Shading Mode"},"sceneLighting":true,"audioPlay":false,"sceneViewState":{"m_AlwaysRefresh":false,"showFog":true,"showSkybox":true,"showFlares":true,"showImageEffects":true,"showParticleSystems":true,"showVisualEffectGraphs":true,"m_FxEnabled":true},"in2DMode":false,"pivot":{"x":-107.44231414794922,"y":18.963409423828126,"z":14.520637512207032},"rotation":{"x":-0.15312683582305909,"y":-0.5432826280593872,"z":-0.10057055950164795,"w":0.8196613788604736},"size":96.63582611083985,"orthographic":false}