{"cameraMode":{"drawMode":0,"name":"Shaded","section":"Shading Mode"},"sceneLighting":true,"audioPlay":false,"sceneViewState":{"m_AlwaysRefresh":false,"showFog":true,"showSkybox":true,"showFlares":true,"showImageEffects":true,"showParticleSystems":true,"showVisualEffectGraphs":true,"m_FxEnabled":true},"in2DMode":false,"pivot":{"x":-37.8549690246582,"y":23.995241165161134,"z":-0.42644834518432619},"rotation":{"x":0.21189998090267182,"y":0.4621008336544037,"z":-0.11468353867530823,"w":0.8535963296890259},"size":1.5739363431930543,"orthographic":false}