{"cameraMode":{"drawMode":0,"name":"Shaded","section":"Shading Mode"},"sceneLighting":false,"audioPlay":false,"sceneViewState":{"m_AlwaysRefresh":false,"showFog":true,"showSkybox":false,"showFlares":true,"showImageEffects":true,"showParticleSystems":true,"showVisualEffectGraphs":true,"m_FxEnabled":true},"in2DMode":false,"pivot":{"x":0.2319599837064743,"y":0.028939316049218179,"z":0.010132670402526856},"rotation":{"x":0.015192818827927113,"y":0.19068004190921784,"z":-0.002112861257046461,"w":0.9818195700645447},"size":0.3827999532222748,"orthographic":false}