{"cameraMode":{"drawMode":0,"name":"Shaded","section":"Shading Mode"},"sceneLighting":false,"audioPlay":false,"sceneViewState":{"m_AlwaysRefresh":false,"showFog":true,"showSkybox":false,"showFlares":true,"showImageEffects":true,"showParticleSystems":true,"showVisualEffectGraphs":true,"m_FxEnabled":true},"in2DMode":false,"pivot":{"x":-0.5503294467926025,"y":-0.004250494297593832,"z":-0.0005661649629473686},"rotation":{"x":0.024336226284503938,"y":-0.9753987789154053,"z":0.17173494398593903,"w":0.13689212501049043},"size":1.0605177879333497,"orthographic":false}