{"cameraMode":{"drawMode":0,"name":"Shaded","section":"Shading Mode"},"sceneLighting":false,"audioPlay":false,"sceneViewState":{"m_AlwaysRefresh":false,"showFog":true,"showSkybox":false,"showFlares":true,"showImageEffects":true,"showParticleSystems":true,"showVisualEffectGraphs":true,"m_FxEnabled":true},"in2DMode":false,"pivot":{"x":0.35789674520492556,"y":0.17163053154945374,"z":-0.0009164251387119293},"rotation":{"x":0.0713549479842186,"y":-0.8047811388969421,"z":0.09836908429861069,"w":0.5811789631843567},"size":0.31615573167800906,"orthographic":false}