{"cameraMode":{"drawMode":0,"name":"Shaded","section":"Shading Mode"},"sceneLighting":false,"audioPlay":false,"sceneViewState":{"m_AlwaysRefresh":false,"showFog":true,"showSkybox":false,"showFlares":true,"showImageEffects":true,"showParticleSystems":true,"showVisualEffectGraphs":true,"m_FxEnabled":true},"in2DMode":false,"pivot":{"x":-44.61875915527344,"y":8.434000015258789,"z":-9.714849472045899},"rotation":{"x":0.007879380136728287,"y":0.06579378247261048,"z":0.0007026565144769847,"w":0.9981000423431397},"size":0.5443794131278992,"orthographic":false}