{"cameraMode":{"drawMode":0,"name":"Shaded","section":"Shading Mode"},"sceneLighting":false,"audioPlay":false,"sceneViewState":{"m_AlwaysRefresh":false,"showFog":true,"showSkybox":false,"showFlares":true,"showImageEffects":true,"showParticleSystems":true,"showVisualEffectGraphs":true,"m_FxEnabled":true},"in2DMode":false,"pivot":{"x":0.35789671540260317,"y":0.17163053154945374,"z":-0.000916406512260437},"rotation":{"x":0.1612062305212021,"y":-0.33879217505455019,"z":0.05998527258634567,"w":0.925309956073761},"size":0.26236218214035036,"orthographic":false}