{"cameraMode":{"drawMode":0,"name":"Shaded","section":"Shading Mode"},"sceneLighting":false,"audioPlay":false,"sceneViewState":{"m_AlwaysRefresh":false,"showFog":true,"showSkybox":false,"showFlares":true,"showImageEffects":true,"showParticleSystems":true,"showVisualEffectGraphs":true,"m_FxEnabled":true},"in2DMode":false,"pivot":{"x":0.042881280183792117,"y":0.04397164285182953,"z":-0.006659567356109619},"rotation":{"x":0.09768009185791016,"y":0.40683668851852419,"z":-0.042800165712833408,"w":0.9075818657875061},"size":0.3505413830280304,"orthographic":false}